course,title,day,start,end,building,room,note
BME8103,Manufacturing of Biomedical Devices,Mon,10:00,12:50,YEUNG,LT-14,
BME8122,Biomedical Engineering Design,Wed,19:00,21:00,YEUNG,LT-13,
BME8122,Biomedical Engineering Design,Wed,21:00,21:50,YEUNG,LT-13,
BME8127,Biomedical Instrumentation,Tue,19:00,21:50,YEUNG,LT-5,
BME8134,Flexible Bioelectronics for Medical Applications,Thu,15:00,16:50,YEUNG,LT-5,
BME8134,Flexible Bioelectronics for Medical Applications,Thu,17:00,17:50,YEUNG,LT-5,
BME8136,Advanced Biomaterials for Healthcare and Biomedical Applications,Mon,19:00,20:50,MMW,3420,
BME8136,Advanced Biomaterials for Healthcare and Biomedical Applications,Mon,21:00,21:50,MMW,3420,
BME8141,Fundamentals and Applications of Singlemolecule Biophysics in Rapid Diagnostics,Thu,19:00,20:50,YEUNG,LT-9,
BME8141,Fundamentals and Applications of Singlemolecule Biophysics in Rapid Diagnostics,Thu,21:00,21:50,YEUNG,LT-9,
FB8914,Doctoral Seminar,Wed,09:00,11:50,LAU,5-206,
FB8917,Survey and Experimental Research Methods for Business,Wed,11:00,12:50,LAU,14-222,
AC8900,Seminar in Financial Accounting Issues,Tue,09:00,11:50,LAU,7-207,
MS8944,Probability and Markov Chain Models,Fri,09:00,11:50,LAU,5-205,
MS8951,Decision Analytics and Operations Seminar Series IV,Tue,09:00,11:50,LAU,6-211,
MS8952,Introduction to Mathematical Statistics,Mon,15:00,17:50,LAU,7-208,
EF8070,Advanced Microeconomics,Mon,15:00,17:50,LAU,14-282,
EF8072,Advanced Macroeconomics,Tue,09:00,11:50,LAU,14-282,
EF8083,Empirical Asset Pricing,Mon,09:00,11:50,LAU,14-282,
EF8090,Advanced Econometrics,Mon,12:00,14:50,LAU,14-282,
EF8091,Topics in Computational Economics,Wed,09:00,11:50,LAU,14-282,
EF5250,Stochastic Calculus for Finance,Wed,15:00,17:50,LI,2610,
EF5250,Stochastic Calculus for Finance,Thu,19:00,21:50,LI,2610,
IS8002,Foundations of Information Systems Research,Mon,09:00,11:50,LAU,7-207,
MKT8633,Doctoral Studies: Empirical Marketing Research,Tue,15:00,17:50,ICP,G-102,
MKT8634,Doctoral Studies: Marketing Literature,Wed,15:00,17:50,LI,2407,
MKT8634,Doctoral Studies: Marketing Literature,Thu,15:00,17:50,LI,2409,
CS5187,Vision and Image,Fri,12:00,13:50,LI,3508,
CS5187,Vision and Image,Fri,14:00,14:50,LI,3508,
CS5187,Vision and Image,Fri,19:00,20:50,YEUNG,LT-18,
CS5187,Vision and Image,Fri,20:00,21:50,YEUNG,LT-18,
CS5222,Computer Networks and Internets,Tue,19:00,20:50,YEUNG,LT-1,
CS5222,Computer Networks and Internets,Tue,21:00,21:50,YEUNG,LT-1,
CS5222,Computer Networks and Internets,Wed,11:00,12:50,YEUNG,LT-1,
CS5222,Computer Networks and Internets,Wed,13:00,23:50,YEUNG,LT-1,end time as printed in source; likely a typo
CS5285,Introduction to Cybersecurity,Fri,15:00,17:50,YEUNG,LT-2,
CS5285,Introduction to Cybersecurity,Fri,19:00,21:50,BOC,R4057,
CS5294,Information Security Technology Management,Thu,18:00,18:50,YEUNG,B7701,
CS5294,Information Security Technology Management,Thu,19:00,19:50,YEUNG,B7701,
CS5294,Information Security Technology Management,Thu,20:00,21:50,YEUNG,LT-2,
CS5351,Software Engineering,Mon,15:00,17:50,LI,2505,
CS5351,Software Engineering,Mon,19:00,21:50,YEUNG,LT-5,
CS5481,Data Engineering,Tue,12:00,13:50,LI,3505,
CS5481,Data Engineering,Tue,15:00,15:50,YEUNG,G7510,
CS5481,Data Engineering,Tue,16:00,16:50,YEUNG,G7510,
CS5481,Data Engineering,Tue,17:00,17:50,YEUNG,G7510,
CS5486,Intelligent Systems,Thu,19:00,20:50,BOC,R4057,
CS5486,Intelligent Systems,Thu,21:00,21:50,BOC,R4057,
CS5488,Big Data Algorithms and Techniques,Mon,11:00,12:50,YEUNG,LT-1,
CS5488,Big Data Algorithms and Techniques,Mon,13:00,13:50,YEUNG,B7520,
CS5488,Big Data Algorithms and Techniques,Mon,14:00,14:50,,,venue not stated in source
CS5489,Machine Learning: Algorithms and Applications,Tue,12:00,13:50,YEUNG,LT-2,
CS5489,Machine Learning: Algorithms and Applications,Tue,14:00,14:50,YEUNG,B7701,
CS5489,Machine Learning: Algorithms and Applications,Tue,15:00,15:50,YEUNG,LT-2,
CS5489,Machine Learning: Algorithms and Applications,Tue,18:00,18:50,YEUNG,B7701,
CS5489,Machine Learning: Algorithms and Applications,Tue,19:00,20:50,,,venue not stated in source
CS5489,Machine Learning: Algorithms and Applications,Tue,21:00,21:50,,,venue not stated in source
CS6382,Algorithm Analysis and Game Theory,Mon,15:00,16:50,YEUNG,LT-5,
CS6382,Algorithm Analysis and Game Theory,Mon,17:00,17:50,YEUNG,LT-5,
SYE5006,Operations Management,Sat,12:00,14:50,YEUNG,LT-2,
SYE6014,Asset and Maintenance Management,Tue,19:00,21:50,LI,3508,
SYE6043,Quality and Reliability Engineering,Fri,19:00,21:50,YEUNG,LT-4,
SYE6047,Quality Improvement: Systems and Methodologies,Wed,11:00,13:50,CMC,M5050,
SYE8204,Process Modelling and Control,Fri,10:00,12:50,YEUNG,B5-307,
EE5415,Mobile Applications Design and Development,Sat,09:00,11:50,YEUNG,LT-17,
EE5425,Fundamentals of RF Circuit Engineering,Mon,19:00,21:50,LAU,15-231,
EE5425,Fundamentals of RF Circuit Engineering,Wed,15:00,17:50,LI,2505,
EE5425,Fundamentals of RF Circuit Engineering,Sat,16:00,18:50,LAU,15-231,
EE5436,Fundamentals and Applications of Photonics,Wed,19:00,21:50,LI,6606,
EE5436,Fundamentals and Applications of Photonics,Wed,22:00,22:50,LI,6606,
EE5438,Applied Deep Learning,Tue,19:00,21:50,YEUNG,LT-6,
EE5607,Advanced Computer Architecture,Sat,13:00,15:50,LI,6606,
EE5609,"Computer Networks: Architecture, Protocols, and Applications",Mon,19:00,21:50,CMC,M5050,
EE5808,Topics in Computer Graphics,Mon,09:00,11:50,LI,2505,
EE6603,Wireless Communication Technologies,Tue,12:00,14:50,LI,3508,
EE6626,AI-enabled Autonomous Vehicle,Mon,15:00,17:50,LI,1507,
MSE8001,Survival Skills for Research Scientists,Mon,09:00,10:50,LI,5012,
MSE8016,Materials Characterization Techniques,Tue,09:00,11:50,LI,1511,
MSE8019,Functional Properties of Materials,Tue,12:00,14:50,LI,2513,
MSE8020,Structural Properties of Materials,Tue,15:00,17:50,LI,3508,
MNE8108,Engineering Methods,Thu,19:00,20:50,LI,3508,
MNE8108,Engineering Methods,Thu,21:00,21:50,LI,3508,
MNE8109,Thermodynamics and Kinetics,Thu,14:00,16:50,LI,3508,
MNE8111,Advanced Thermo Fluids,Wed,19:00,20:50,LI,3508,
MNE8111,Advanced Thermo Fluids,Wed,21:00,21:50,LI,3508,
MNE8113,Applied Engineering Mechanics,Mon,19:00,20:50,BOC,LT401,
MNE8113,Applied Engineering Mechanics,Mon,21:00,21:50,BOC,LT401,
MNE8114,Fundamentals of Nuclear Engineering,Tue,14:00,16:50,YEUNG,LT-16,
MNE8120,Microfluidics: From Fundamentals to Applications,Wed,10:00,11:50,LI,3508,
MNE8120,Microfluidics: From Fundamentals to Applications,Wed,12:00,12:50,LI,3508,
LT5401,Phonetics and Phonology,Tue,19:00,21:50,LAU,LT-501,
LT5402,Syntax and Morphology,Wed,19:00,21:50,MMW,2450,
LT5406,Psycholinguistics,Wed,19:00,21:50,LI,6603,
LT5407,Research Methodology for Applied Linguistics,Tue,14:00,16:50,LI,G600,
LT5407,Research Methodology for Applied Linguistics,Thu,19:00,21:50,YEUNG,B7701,
LT5412,English Language Teaching,Thu,19:00,21:50,YEUNG,LT-16,
LT5413,Philosophy of Language,Fri,19:00,21:50,LI,1507,
LT5421,Corpus Linguistics,Tue,19:00,21:50,YEUNG,LT-3,
LT5422,Neurocognition of Language,Thu,19:00,21:50,LI,3614,
LT5425,"Contrastive Studies of Sounds in English, Mandarin and Cantonese",Fri,19:00,21:50,YEUNG,LT-11,
LT5431,Functional Approaches to Syntax,Thu,19:00,21:50,YEUNG,LT-14,
LT5451,Pedagogical Grammar: Chinese and English,Wed,12:00,14:50,LI,2505,
LT5451,Pedagogical Grammar: Chinese and English,Wed,19:00,21:50,YEUNG,LT-12,
LT5461,Cognition and Language Differences,Fri,19:00,21:50,YEUNG,LT-8,
LT5603,Translation Studies,Tue,19:00,21:50,YEUNG,LT-13,
LT5604,Translation Methodology,Thu,19:00,21:50,YEUNG,LT-15,
LT5621,Language and Literature in Translation,Fri,19:00,21:50,YEUNG,LT-15,
LT5903,Language and Its Applications,Mon,19:00,21:50,YEUNG,LT-1,
LT5904,Language and Culture in Society,Mon,19:00,21:50,LAU,LT-501,
COM8000,Communication and Society,Tue,12:00,14:50,CMC,M5064,
COM8005,Quantitative Research Methods in Media and Communication,Mon,09:00,11:50,CMC,M5064,
COM5101,Communication Fundamentals,Fri,15:00,17:50,CMC,M9001,
COM5101,Communication Fundamentals,Fri,19:00,21:50,CMC,M3017,
COM5103,Policy and Regulations of New Media,Tue,19:00,21:50,LI,1503,
COM5104,Research Methods for Communication and New Media,Mon,19:00,21:50,CMC,M9001,
COM5104,Research Methods for Communication and New Media,Wed,15:00,17:50,CMC,M3017,
COM5104,Research Methods for Communication and New Media,Thu,12:00,14:50,CMC,M9001,
COM5401,Advertising Production and Management,Wed,10:00,12:50,CMC,M8061,
COM5401,Advertising Production and Management,Wed,19:00,21:50,CMC,M8061,
COM5401,Advertising Production and Management,Thu,19:00,21:50,CMC,M8061,
COM5402,Public Relations Strategies,Mon,15:00,17:50,CMC,M8051,
COM5402,Public Relations Strategies,Tue,19:00,21:50,CMC,M8050,
COM5402,Public Relations Strategies,Sat,09:00,11:50,CMC,M8051,
COM5501,Internet Communication,Thu,12:00,14:50,CMC,M8051,
COM5501,Internet Communication,Thu,19:00,21:50,CMC,M9001,
COM5507,Social Media Data Acquisition and Processing,Tue,19:00,21:50,CMC,M9001,
PIA8617,"Research Design, Methodology, and Ethics",Mon,09:00,11:50,LI,2413,
PIA8617,"Research Design, Methodology, and Ethics",Tue,09:00,11:50,LI,1400,
PIA8617,"Research Design, Methodology, and Ethics",Tue,15:00,17:50,LAU,6-211,
PIA8618,Qualitative Methods,Mon,09:00,11:50,LI,2108,
SS5400,Applied Sociology,Mon,19:00,21:50,LI,2510,
SS5753,Advanced Social Psychology,Wed,19:00,21:50,ICP,B-101,
SS5755,Applying Psychology to Contemporary Issues,Fri,19:00,21:50,LI,5012,
SS5758,Educational Psychology,Mon,19:00,21:50,LI,1406,
SS5791,Advanced Health Psychology,Mon,19:00,21:50,LI,5012,
MA8006,Functional Analysis and Applications,Mon,15:00,17:50,LAU,6-212,
MA8100,Analysis in High Dimensions and Applications,Mon,10:00,11:50,LI,2301,
MA8100,Analysis in High Dimensions and Applications,Tue,14:00,15:50,LI,2301,
MA8100,Analysis in High Dimensions and Applications,Wed,10:00,11:50,LI,2301,
MA8100,Analysis in High Dimensions and Applications,Fri,10:00,11:50,LI,2301,
PHY8001,Survival Skills for Research Scientists,Mon,10:00,11:50,LI,1400,
PHY8251,Advanced Quantum Mechanics,Thu,19:00,20:50,LAU,5-207,
PHY8251,Advanced Quantum Mechanics,Thu,14:00,14:50,LAU,5-207,
PHY8252,Statistical Mechanics,Mon,13:00,14:50,LI,1410,
PHY8252,Statistical Mechanics,Mon,15:00,15:50,LI,1410,
PHY8253,Introduction to Biophysics,Fri,09:00,10:50,YEUNG,Y5-205,
PHY8253,Introduction to Biophysics,Fri,11:00,11:50,YEUNG,Y5-205,
PHY8501,Modern Characterization Techniques for Experimental Physics,Mon,19:00,21:50,LI,2301,
PHY8503,Mathematical Methods for Scientists and Engineers,Thu,15:00,16:50,CMC,M4003,
PHY8503,Mathematical Methods for Scientists and Engineers,Thu,17:00,17:50,CMC,M4003,
PHY8513,Introduction to Quantum Technology,Wed,19:00,21:50,YEUNG,LT-15,
PHY8514,Data Acquisition and Processing Skills for Physicists I,Tue,19:00,21:50,YEUNG,LT-15,
PHY8526,Energy Materials: Physics and Applications,Wed,15:00,16:50,LAU,6-213,
CHEM8008,Advanced Chemical Instrumentation for Research,Wed,18:00,20:50,LI,3505,
SM5307,Digital Media and Moving Images,Fri,19:00,21:50,CMC,M1052,
SM5307,Digital Media and Moving Images,Fri,19:00,21:50,CMC,M7098,
SM5313,Interactive Media II,Tue,15:00,17:50,CMC,M6052,
SM5313,Interactive Media II,Tue,15:00,17:50,CMC,M1052,
SM5332,"Making Things Blip, Blink and Move: Introduction to Physical Computing",Mon,15:00,17:50,CMC,M6042,
SM5343,Law and Digital Cultures,Wed,15:00,17:50,CMC,M4003,
SM5358,Qualitative Research in Social Computing and Art Technology,Tue,09:00,11:50,CMC,M6075,
SM6323,"Critical Ludology: Games, Playability and New Media Art",Mon,12:00,14:50,CMC,M4001,
SM6323,"Critical Ludology: Games, Playability and New Media Art",Tue,19:00,21:50,CMC,M6094,
SM6331,Digital Media for Curating,Wed,12:00,14:50,CMC,M8051,
SM6351,Information Visualization,Mon,15:00,17:50,CMC,M7056,
SM8402,Research Skills and Methods,Mon,15:00,17:50,CMC,M6050,
SM8405A,Professional Practice,Thu,09:00,11:50,CMC,M6042,
