college,major,plan_cohort,year1_semA_courses (code title (credit units)),total_CU,confidence,source,notes
College of Business,BBA Accountancy,2025,CB2100 Intro to Financial Accounting (3) | CB2201 Operations Management (3) | CB2300 Management (3) | CB2601 Marketing (3) | GE1401 University English (3) [or LC0200A EAP1 if English below threshold] | GE1601 Whole-Person Development (1),~16-18,"B: official Year 1 Sem A plan, 2025 cohort (2026 likely similar)",https://www.cb.cityu.edu.hk/ac/doc/programmes/undergrad/(2025)%20BBAU4.pdf,
College of Business,BBA Business Decision Analytics,2025,CB2201 Operations Management (3) | CB2400 Micro-Economics (3) | CB2500 Information Management (3) | Gateway Education course (3) | GE1401 University English (3) [or LC0200A EAP1 if English below threshold] | GE1601 Whole-Person Development (1) | CHIN1001 University Chinese I (3) only if required,16,"B: official Year 1 Sem A plan, 2025 cohort (2026 likely similar)",https://www.cb.cityu.edu.hk/dao/system/files/2025-09/Suggested%20Study%20Plan%20for%20Cohort%202025%20BBA%20BDA%20-%20Data%20Informatics%20Stream.pdf,
College of Business,BBA Global Operations Management,2025,CB2201 Operations Management (3) | CB2400 Micro-Economics (3) | CB2500 Information Management (3) | Gateway Education course (3) | GE1401 University English (3) [or LC0200A EAP1 if English below threshold] | GE1601 Whole-Person Development (1),~16,D: pieced together from related plans; check with department,https://www.cb.cityu.edu.hk/ug/doublemajor/doc/2025/BDAN-GOM.pdf,Taken from BDAN/GOM double-major plan; same DAO department as BDA
College of Business,BBA Global Business,2025,CB2100 Intro to Financial Accounting (3) | CB2601 Marketing (3) | GE1401 University English (3) [or LC0200A EAP1 if English below threshold] | GE1601 Whole-Person Development (1) | CHIN1001 University Chinese I (3) only if required,~10-16,"B: official Year 1 Sem A plan, 2025 cohort (2026 likely similar)",https://prog.cb.cityu.edu.hk/uploads/2025-06/BBAGBU%20structure%20for%204-yr%20for%20cohort%202025%20(20250617).pdf,Plan marks these 'either Sem A/B'; flagship cohort may get extra courses
College of Business,BBA Management,2026,CB2201 Operations Management (3) | CB2601 Marketing (3) | CB2400 Micro-Economics (3) | Gateway Education course (3) | GE1401 University English (3) [or LC0200A EAP1 if English below threshold] | GE1601 Whole-Person Development (1),~16,D: pieced together from related plans; check with department,https://www.cb.cityu.edu.hk/ug/doublemajor/doc/2026/MGMT-SIM-GOM.pdf,From MGMT double-major plan (2026)
College of Business,BBA Business Economics,2025,CB2201 Operations Management (3) | CB2400 Micro-Economics (3) | CB2500 Information Management (3) | GE1401 University English (3) [or LC0200A EAP1 if English below threshold] | Gateway Education course (3),~16,D: pieced together from related plans; check with department,https://www.cb.cityu.edu.hk/ug/doublemajor/doc/2025/BDAN-BE.pdf,From BDAN/BE double-major plan; entry via Economics & Finance (JS1012)
College of Business,BBA Finance,,3-4 College of Business core courses chosen from CB2100 Intro Financial Accounting / CB2201 Operations Mgmt / CB2300 Management / CB2400 Micro-Economics / CB2500 Information Mgmt / CB2601 Marketing (3 each) | CB2400 Micro-Economics very likely | GE1401 University English (3) [or LC0200A EAP1 if English below threshold] | GE1601 Whole-Person Development (1) | Gateway Education course (3),~16,D: pieced together from related plans; check with department,https://prog.cb.cityu.edu.hk/academics/double-major,Entry via Economics & Finance (JS1012); no single-major Sem A plan found
College of Business,BBA Marketing,,3-4 College of Business core courses chosen from CB2100 Intro Financial Accounting / CB2201 Operations Mgmt / CB2300 Management / CB2400 Micro-Economics / CB2500 Information Mgmt / CB2601 Marketing (3 each) | GE1401 University English (3) [or LC0200A EAP1 if English below threshold] | GE1601 Whole-Person Development (1) | Gateway Education course (3),~16,D: pieced together from related plans; check with department,https://prog.cb.cityu.edu.hk/academics/double-major,No current single-major plan found; Year 1 is general BBA core
College of Business,BBA Global Business Systems Management,,3-4 College of Business core courses chosen from CB2100 Intro Financial Accounting / CB2201 Operations Mgmt / CB2300 Management / CB2400 Micro-Economics / CB2500 Information Mgmt / CB2601 Marketing (3 each) | GE1401 University English (3) [or LC0200A EAP1 if English below threshold] | GE1601 Whole-Person Development (1) | Gateway Education course (3),~16,D: pieced together from related plans; check with department,https://prog.cb.cityu.edu.hk/academics/double-major,Dept says Year 1 = general BBA courses; entry via JS1017
College of Business,BBA Artificial Intelligence in Business,,3-4 College of Business core courses chosen from CB2100 Intro Financial Accounting / CB2201 Operations Mgmt / CB2300 Management / CB2400 Micro-Economics / CB2500 Information Mgmt / CB2601 Marketing (3 each) | GE1401 University English (3) [or LC0200A EAP1 if English below threshold] | GE1601 Whole-Person Development (1) | Gateway Education course (3),~16,D: pieced together from related plans; check with department,https://prog.cb.cityu.edu.hk/academics/double-major,Dept says Year 1 = general BBA courses; entry via JS1017
College of Business,BSc Computational Finance and Financial Technology,2025,CB2400 Microeconomics (3) | CS1102 Introduction to Computer Studies (3) | MA1200 Calculus & Basic Linear Algebra I / MA1300 Enhanced (3) | College-specified course (3) | GE1401 University English (3) [or LC0200A EAP1 if English below threshold] | GE1601 Whole-Person Development (1),~16,"B: official Year 1 Sem A plan, 2025 cohort (2026 likely similar)",https://prog.cb.cityu.edu.hk/-/media/project/cityuhk/academic/cb-prog/academics/cfft/about-cfft/bsccfft-structure-for-2025-intake---comfin-stream---23-june-2025_addge1601.pdf,Layout of source table unclear; CB2240 may also sit in Year 1
College of Computing,BSc Computer Science,2026,GE1401 University English (3) [or LC0200A EAP1 if English below threshold] | GE1601 Whole-Person Development (1) | CS1302A Introduction to Computer Programming (3) | Gateway Education course (3) | MA1508 Calculus (4) | CS2115 Computer Organization (3),17,"A: official Year 1 Sem A plan, 2026 cohort",https://www.cs.cityu.edu.hk/-/media/project/cityuhk/academic/cs/files/2026-08/1_study-plan_bsccs/nomative-4-yr-bscccu4csc1-cohort-202620260716.pdf,
College of Computing,BSc Cybersecurity,2026,GE1401 University English (3) [or LC0200A EAP1 if English below threshold] | GE1601 Whole-Person Development (1) | CS1302A Introduction to Computer Programming (3) | MA1508 Calculus (4) | CS2115 Computer Organization (3) | CS2117 Foundation of Cybersecurity (3),17,"A: official Year 1 Sem A plan, 2026 cohort",https://www.cs.cityu.edu.hk/-/media/project/cityuhk/academic/cs/files/2026-08/2_study-plan_bsccybe/nomative-4-yr-bscccu4cybe-cohort-202620260716.pdf,
College of Computing,BSc Data Science,2026,MA1508 Calculus (4) | CS1315 Introduction to Computer Programming (3) | DSC1001 Introduction to Data Science (2) | GE1401 University English (3) [or LC0200A EAP1 if English below threshold] | GE1601 Whole-Person Development (1) | Gateway Education course (3),16,"A: official Year 1 Sem A plan, 2026 cohort",https://www.cityu.edu.hk/sdsc_web/handbook/2026-27_DSC_Student_Handbook_20260910_V4.pdf,Marked 'for reference only' by department
College of Computing,BSc Data and Systems Engineering,2026,MA1508 Calculus (4) | CS1315 Introduction to Computer Programming (3) | DSC1001 Introduction to Data Science (2) | GE1401 University English (3) [or LC0200A EAP1 if English below threshold] | GE1601 Whole-Person Development (1) | Gateway Education course (3),16,"A: official Year 1 Sem A plan, 2026 cohort",https://www.cityu.edu.hk/sdsc_web/handbook/2026-27_DSE_Student_Handbook_20260910_V4.pdf,Same Sem A as Data Science
College of Engineering,BEng Mechanical Engineering,2025,GE1401 University English (3) [or LC0200A EAP1 if English below threshold] | MA1200 Calculus & Basic Linear Algebra I / MA1300 Enhanced (3) | MNE2066 Engineers in Society (3) | PHY1101 Introductory Classical Mechanics (3) | MNE2116 Engineering Graphics (0) | GE1601 Whole-Person Development (1) | Gateway Education course (3),16,"B: official Year 1 Sem A plan, 2025 cohort (2026 likely similar)",https://www.cityu.edu.hk/mne/-/media/project/cityuhk/academic/mne/programmes/firstyear-students-ug/mne-student-handbook-2025-26.pdf,Common first year for all MNE majors
College of Engineering,BEng Aerospace Engineering,2025,GE1401 University English (3) [or LC0200A EAP1 if English below threshold] | MA1200 Calculus & Basic Linear Algebra I / MA1300 Enhanced (3) | MNE2066 Engineers in Society (3) | PHY1101 Introductory Classical Mechanics (3) | MNE2116 Engineering Graphics (0) | GE1601 Whole-Person Development (1) | Gateway Education course (3),16,"B: official Year 1 Sem A plan, 2025 cohort (2026 likely similar)",https://www.cityu.edu.hk/mne/-/media/project/cityuhk/academic/mne/programmes/firstyear-students-ug/mne-student-handbook-2025-26.pdf,Common first year for all MNE majors
College of Engineering,BEng Nuclear and Risk Engineering,2025,GE1401 University English (3) [or LC0200A EAP1 if English below threshold] | MA1200 Calculus & Basic Linear Algebra I / MA1300 Enhanced (3) | MNE2066 Engineers in Society (3) | PHY1101 Introductory Classical Mechanics (3) | MNE2116 Engineering Graphics (0) | GE1601 Whole-Person Development (1) | Gateway Education course (3),16,"B: official Year 1 Sem A plan, 2025 cohort (2026 likely similar)",https://www.cityu.edu.hk/mne/-/media/project/cityuhk/academic/mne/programmes/firstyear-students-ug/mne-student-handbook-2025-26.pdf,Common first year for all MNE majors
College of Engineering,BEng Materials Science and Engineering,2025,CHEM1300 Principles of General Chemistry (3) | GE1401 University English (3) [or LC0200A EAP1 if English below threshold] | MA1200 Calculus & Basic Linear Algebra I / MA1300 Enhanced (3) | MSE1001 Programme Introduction (0) | PHY1201 General Physics I (3) | GE1601 Whole-Person Development (1),13+,"B: official Year 1 Sem A plan, 2025 cohort (2026 likely similar)",https://www.cityu.edu.hk/mse/documents/programmes/Student%20Handbook/MSE%20Student%20Handbook%202025-26.pdf,Probably plus one GE course
College of Engineering,BEng Innovation and Enterprise Engineering,2026,MA1200 Calculus & Basic Linear Algebra I (3) | SYE1001 Introduction of Engineering Disciplines (0) | PHY1201 General Physics I (3) | GE2304 Foundations of Innovation and Entrepreneurship (3) | GE1601 Whole-Person Development (1) | GE1401 University English (3) [or LC0200A EAP1 if English below threshold] | GE1501 Chinese Civilisation (3),16,"A: official Year 1 Sem A plan, 2026 cohort",https://www.cityu.edu.hk/sye/programme/2026-27_Student_Handbook-IEEG.pdf,
College of Engineering,BEng Intelligent Manufacturing Engineering,2026,MA1200 Calculus & Basic Linear Algebra I (3) | SYE2066 Professional Engineering Practice (3) | GE1601 Whole-Person Development (1) | PHY1201 General Physics I (3) | GE1401 University English (3) [or LC0200A EAP1 if English below threshold] | GE1501 Chinese Civilisation (3),16,"A: official Year 1 Sem A plan, 2026 cohort",https://www.cityu.edu.hk/sye/programme/2026-27_Student_Handbook-ITME.pdf,
College of Engineering,BEng Computer and Data Engineering,2025,GE1401 University English (3) [or LC0200A EAP1 if English below threshold] | MA1200 Calculus & Basic Linear Algebra I / MA1300 Enhanced (3) | GE1601 Whole-Person Development (1) | CS1302 Introduction to Computer Programming (3) | Group I: GE1354 Intro to Electronic Design + EE1001 Foundations of Digital Techniques  OR  Group II: EE1002 Principles of Electrical Engineering + EE1004 Foundations of Info Systems & Data Analysis,~16,"B: official Year 1 Sem A plan, 2025 cohort (2026 likely similar)",https://www.ee.cityu.edu.hk/current_students/undergraduate/admission_bdee_firstyear_curriculum,Common EE first year (entry via JS1205); you're put in Group I or II
College of Engineering,BEng Electronic and Electrical Engineering,2025,GE1401 University English (3) [or LC0200A EAP1 if English below threshold] | MA1200 Calculus & Basic Linear Algebra I / MA1300 Enhanced (3) | GE1601 Whole-Person Development (1) | CS1302 Introduction to Computer Programming (3) | Group I: GE1354 Intro to Electronic Design + EE1001 Foundations of Digital Techniques  OR  Group II: EE1002 Principles of Electrical Engineering + EE1004 Foundations of Info Systems & Data Analysis,~16,"B: official Year 1 Sem A plan, 2025 cohort (2026 likely similar)",https://www.ee.cityu.edu.hk/current_students/undergraduate/admission_bdee_firstyear_curriculum,Common EE first year (entry via JS1205); you're put in Group I or II
College of Engineering,BEng Information Engineering,2025,GE1401 University English (3) [or LC0200A EAP1 if English below threshold] | MA1200 Calculus & Basic Linear Algebra I / MA1300 Enhanced (3) | GE1601 Whole-Person Development (1) | CS1302 Introduction to Computer Programming (3) | Group I: GE1354 Intro to Electronic Design + EE1001 Foundations of Digital Techniques  OR  Group II: EE1002 Principles of Electrical Engineering + EE1004 Foundations of Info Systems & Data Analysis,~16,"B: official Year 1 Sem A plan, 2025 cohort (2026 likely similar)",https://www.ee.cityu.edu.hk/current_students/undergraduate/admission_bdee_firstyear_curriculum,Common EE first year (entry via JS1205); you're put in Group I or II
College of Engineering,BEng Microelectronics Engineering,2025,GE1401 University English (3) [or LC0200A EAP1 if English below threshold] | MA1200 Calculus & Basic Linear Algebra I / MA1300 Enhanced (3) | GE1601 Whole-Person Development (1) | CS1302 Introduction to Computer Programming (3) | Group I: GE1354 Intro to Electronic Design + EE1001 Foundations of Digital Techniques  OR  Group II: EE1002 Principles of Electrical Engineering + EE1004 Foundations of Info Systems & Data Analysis,~16,"B: official Year 1 Sem A plan, 2025 cohort (2026 likely similar)",https://www.ee.cityu.edu.hk/current_students/undergraduate/admission_bdee_firstyear_curriculum,Common EE first year (entry via JS1205); you're put in Group I or II
College of Engineering,BEng Civil Engineering,,MA1200 Calculus & Basic Linear Algebra I / MA1300 Enhanced (3) | CS1302 Introduction to Computer Programming (3) and/or PHY1201 General Physics I (3) | GE1401 University English (3) [or LC0200A EAP1 if English below threshold] | GE1601 Whole-Person Development (1) | Gateway Education course (3),~16,C: Year 1 courses from catalogue/handbook; Sem A split not published,https://www.cityu.edu.hk/catalogue/ug/current/Major/BENG1_CEG-1.htm,"Common Year 1 for all ACE majors (JS1201); Year-1 course list from catalogue, not a semester plan"
College of Engineering,BEng Architectural Engineering,,MA1200 Calculus & Basic Linear Algebra I / MA1300 Enhanced (3) | CS1302 Introduction to Computer Programming (3) and/or PHY1201 General Physics I (3) | GE1401 University English (3) [or LC0200A EAP1 if English below threshold] | GE1601 Whole-Person Development (1) | Gateway Education course (3),~16,C: Year 1 courses from catalogue/handbook; Sem A split not published,https://www.cityu.edu.hk/catalogue/ug/current/Major/BENG1_CEG-1.htm,"Common Year 1 for all ACE majors (JS1201); Year-1 course list from catalogue, not a semester plan"
College of Engineering,BSc Architecture and Surveying,,MA1200 Calculus & Basic Linear Algebra I / MA1300 Enhanced (3) | CS1302 Introduction to Computer Programming (3) and/or PHY1201 General Physics I (3) | GE1401 University English (3) [or LC0200A EAP1 if English below threshold] | GE1601 Whole-Person Development (1) | Gateway Education course (3),~16,C: Year 1 courses from catalogue/handbook; Sem A split not published,https://www.cityu.edu.hk/catalogue/ug/current/Major/BENG1_CEG-1.htm,"Common Year 1 for all ACE majors (JS1201); Year-1 course list from catalogue, not a semester plan"
School of Energy and Environment,BEng Energy Science and Engineering,2026,MA1200 Calculus & Basic Linear Algebra I / MA1300 Enhanced (3) | CHEM1200 Discovery in Biology (3) | CHEM1300 Principles of General Chemistry (3) | SEE1003 Intro to Sustainable Energy & Environmental Eng (3) | GE1401 University English (3) [or LC0200A EAP1 if English below threshold] | Gateway Education course (3),18,"A: official Year 1 Sem A plan, 2026 cohort",https://www.cityu.edu.hk/see/programmes/undergraduate-programmes/student-advising-handbook,
School of Energy and Environment,BEng Environmental Science and Engineering,2026,MA1200 Calculus & Basic Linear Algebra I / MA1300 Enhanced (3) | CHEM1200 Discovery in Biology (3) | CHEM1300 Principles of General Chemistry (3) | SEE1003 Intro to Sustainable Energy & Environmental Eng (3) | GE1401 University English (3) [or LC0200A EAP1 if English below threshold] | Gateway Education course (3),18,"A: official Year 1 Sem A plan, 2026 cohort",https://www.cityu.edu.hk/see/programmes/undergraduate-programmes/student-advising-handbook,
School of Energy and Environment,BSc Environment and Sustainable Business,2026,CB2100 Intro to Financial Accounting (3) | CHEM1300 Principles of General Chemistry (3) | MA1200 Calculus & Basic Linear Algebra I / MA1300 Enhanced (3) | SEE1005 Global Sustainable Technologies and Finance (3) | GE1401 University English (3) [or LC0200A EAP1 if English below threshold] | Gateway Education course (3),18,"A: official Year 1 Sem A plan, 2026 cohort",https://www.cityu.edu.hk/see/programmes/undergraduate-programmes/student-advising-handbook,
College of Science,BSc Physics,2026,PHY1101 Introductory Classical Mechanics (3) | CS1302 Introduction to Computer Programming (3) | CSCI1001 Employability for Scientists (0) | MA1200 Calculus & Basic Linear Algebra I / MA1300 Enhanced (3) | GE1401 University English (3) [or LC0200A EAP1 if English below threshold] | Gateway Education course (3) | GE1601 Whole-Person Development (1),16,"A: official Year 1 Sem A plan, 2026 cohort",https://www.cityu.edu.hk/phy/download/1_BScAP/3_Recommended Study Plan/admitted to the major in 202627/Normative 4-year 2627.pdf,
College of Science,BSc Computing Mathematics,2026,GE1401 University English (3) [or LC0200A EAP1 if English below threshold] | GE1501 Chinese Civilisation or GE course (3) | GE1601 Whole-Person Development (1) | MA1400 Calculus I (3) | CS1302 Introduction to Computer Programming (3) | MA1502 Algebra (pre-registered) or a science course: CHEM1200 / CHEM1101 / CHEM1300 / PHY1101 / PHY1201 (3) | CSCI1001 Employability for Scientists (0),16,"A: official Year 1 Sem A plan, 2026 cohort",https://www.cityu.edu.hk/ma/programmes/undergraduate/bsc-computing-mathematics/curriculum/11200,
College of Science,BSc Chemistry,,MA1200 Calculus & Basic Linear Algebra I / MA1300 Enhanced (3) | CS1102 / CS1302 (3) | 2 college science courses over Year 1 from CHEM1101 / CHEM1200 / CHEM1300 / MA1501 / MA1502 / PHY1101 / PHY1201 | CSCI1001 Employability for Scientists (0) | GE1401 University English (3) [or LC0200A EAP1 if English below threshold] | GE1601 Whole-Person Development (1) | Gateway Education course (3),~16,C: Year 1 courses from catalogue/handbook; Sem A split not published,https://www.cityu.edu.hk/catalogue/ug/current/Major/BSC1_CHEM-1.htm,Dept plan doesn't split Year 1 by semester
College of Biomedicine,BEng Biomedical Engineering,2025,PHY1201 General Physics I (3) | CHEM1200 Discovery in Biology (3) | MA1200 Calculus & Basic Linear Algebra I / MA1300 Enhanced (3) | BME2105 Introduction to Biomedical Engineering (3) | GE1401 University English (3) [or LC0200A EAP1 if English below threshold] | GE1601 Whole-Person Development (1),16,"B: official Year 1 Sem A plan, 2025 cohort (2026 likely similar)",https://www.cityu.edu.hk/bme/programme/2025U4%20BME%20BENGBDU%20Study%20path_24July2025_R2.pdf,
College of Biomedicine,BSc Biological Sciences,2025,CHEM1300 Principles of General Chemistry (3) | CHEM1200 Discovery in Biology (3) | BMS1901 Calculus for Life Sciences (3) | GE1401 University English (3) [or LC0200A EAP1 if English below threshold] | GE1501 Chinese Civilisation (3) | GE1601 Whole-Person Development (1),16,"B: official Year 1 Sem A plan, 2025 cohort (2026 likely similar)",https://www.cityu.edu.hk/bms/doc/ug/handbook20252026-cohort2025.pdf,Plan for undeclared Biomedical Sciences entrants (JS1805)
College of Biomedicine,BSc Biomedical Sciences,2025,CHEM1300 Principles of General Chemistry (3) | CHEM1200 Discovery in Biology (3) | BMS1901 Calculus for Life Sciences (3) | GE1401 University English (3) [or LC0200A EAP1 if English below threshold] | GE1501 Chinese Civilisation (3) | GE1601 Whole-Person Development (1),16,"B: official Year 1 Sem A plan, 2025 cohort (2026 likely similar)",https://www.cityu.edu.hk/bms/doc/ug/handbook20252026-cohort2025.pdf,Plan for undeclared Biomedical Sciences entrants (JS1805)
Jockey Club College of Veterinary Medicine and Life Sciences,Bachelor of Veterinary Medicine,,Year 1 core: VM2001 One Health (3) | VM2003 Livestock Husbandry (3) | VM2100 Statistics for Evidence-based Bio & Vet Sciences (3) | VM2102 Animal Behaviour and Handling (3) | GE1401 University English (3) [or LC0200A EAP1 if English below threshold] | GE1601 Whole-Person Development (1),~16,C: Year 1 courses from catalogue/handbook; Sem A split not published,https://www.cityu.edu.hk/catalogue/ug/current/major/BVM_VM2-1.htm,Catalogue lists Year 1 cores without semester
College of Liberal Arts and Social Sciences,BSocSc Psychology,,SS1101 Basic Psychology (3) | SS1011 Social Welfare Services and Issues (3) | SS1024 Social Issues and Problems (3) | College requirement: 1 of CAH1603 / EN2011 / LT1101 (Liberal Arts) + 1 of COM1101 / PIA2801 / SS1600 (Social Sciences) (3 each) | GE1401 University English (3) [or LC0200A EAP1 if English below threshold] | GE1601 Whole-Person Development (1),~16,C: Year 1 courses from catalogue/handbook; Sem A split not published,https://www.cityu.edu.hk/catalogue/ug/current/Major/BSS1_PSY-1.htm,Foundation-year courses span Sem A & B
College of Liberal Arts and Social Sciences,BSocSc Social Work,,SS1011 Social Welfare Services and Issues (3) | SS1101 Basic Psychology (3) | SS1024 Social Issues and Problems (3) | College requirement: 1 of CAH1603 / EN2011 / LT1101 (Liberal Arts) + 1 of COM1101 / PIA2801 / SS1600 (Social Sciences) (3 each) | GE1401 University English (3) [or LC0200A EAP1 if English below threshold] | GE1601 Whole-Person Development (1),~16,C: Year 1 courses from catalogue/handbook; Sem A split not published,https://www.cityu.edu.hk/catalogue/ug/current/Major/BSS1_PSY-1.htm,Foundation-year courses span Sem A & B
College of Liberal Arts and Social Sciences,BSocSc Crime Science,2025,SS1011 / SS1101 / SS1024 foundation courses (9 over Sem A&B) | College requirement: 1 of CAH1603 / EN2011 / LT1101 (Liberal Arts) + 1 of COM1101 / PIA2801 / SS1600 (Social Sciences) (3 each) | GE1401 University English (3) [or LC0200A EAP1 if English below threshold] | GE1601 Whole-Person Development (1),~16,C: Year 1 courses from catalogue/handbook; Sem A split not published,https://ssweb.cityu.edu.hk/-/media/project/cityuhk/academic/ssweb/study/studenthandbook_ss.pdf,SS handbook lists these for '1A & B'
College of Liberal Arts and Social Sciences,BSocSc Criminology and Sociology,,No Year 1 plan found,,C: Year 1 courses from catalogue/handbook; Sem A split not published,https://ssweb.cityu.edu.hk/-/media/project/cityuhk/academic/ssweb/study/studenthandbook_ss.pdf,SS handbook only shows Advanced Standing (Year 2/3 entry) plans
College of Liberal Arts and Social Sciences,BA English,,EN2714 Foundations of Literary Studies (3) | EN2722 Foundations of Language & Communication Studies (3) | College requirement: 1 of CAH1603 / EN2011 / LT1101 (Liberal Arts) + 1 of COM1101 / PIA2801 / SS1600 (Social Sciences) (3 each) | GE1401 University English (3) [or LC0200A EAP1 if English below threshold] | GE1601 Whole-Person Development (1) | Gateway Education course (3),~16,C: Year 1 courses from catalogue/handbook; Sem A split not published,https://www.cityu.edu.hk/catalogue/ug/current/Major/BA1_EN-1.htm,Semester split not published
College of Liberal Arts and Social Sciences,BA Chinese and History,,Foundation year (5 over Year 1): CAH2610 / CAH2611 / CAH2612 / CAH2613 / CAH2614 (3 each) | College requirement: 1 of CAH1603 / EN2011 / LT1101 (Liberal Arts) + 1 of COM1101 / PIA2801 / SS1600 (Social Sciences) (3 each) | GE1401 University English (3) [or LC0200A EAP1 if English below threshold] | GE1601 Whole-Person Development (1),~16,C: Year 1 courses from catalogue/handbook; Sem A split not published,https://www.cityu.edu.hk/catalogue/ug/current/Major/BA1_CHIS-1.htm,Semester split not published
College of Liberal Arts and Social Sciences,BA Linguistics and Language Applications,,LT1101 Amazing Things about Language (3) likely | College requirement: 1 of CAH1603 / EN2011 / LT1101 (Liberal Arts) + 1 of COM1101 / PIA2801 / SS1600 (Social Sciences) (3 each) | GE1401 University English (3) [or LC0200A EAP1 if English below threshold] | GE1501 Chinese Civilisation (3) | GE1601 Whole-Person Development (1) | Gateway Education course (3),~16,D: pieced together from related plans; check with department,https://www.cityu.edu.hk/catalogue/ug/current/Major/BA1_LLA-1.htm,No foundation-year list in catalogue
College of Liberal Arts and Social Sciences,BA Media and Communication,,COM2105 Visual Communication (3) | COM2118 Media and Society (3) | College requirement: 1 of CAH1603 / EN2011 / LT1101 (Liberal Arts) + 1 of COM1101 / PIA2801 / SS1600 (Social Sciences) (3 each) | GE1401 University English (3) [or LC0200A EAP1 if English below threshold] | GE1601 Whole-Person Development (1) | Gateway Education course (3),~16,C: Year 1 courses from catalogue/handbook; Sem A split not published,https://www.cityu.edu.hk/com/Page.aspx?p=BA_1stYear,COM2105/COM2118 needed for major allocation; entry via JS1106
College of Liberal Arts and Social Sciences,BA Digital Television and Broadcasting,,COM2105 Visual Communication (3) | COM2118 Media and Society (3) | College requirement: 1 of CAH1603 / EN2011 / LT1101 (Liberal Arts) + 1 of COM1101 / PIA2801 / SS1600 (Social Sciences) (3 each) | GE1401 University English (3) [or LC0200A EAP1 if English below threshold] | GE1601 Whole-Person Development (1) | Gateway Education course (3),~16,C: Year 1 courses from catalogue/handbook; Sem A split not published,https://www.cityu.edu.hk/com/Page.aspx?p=BA_1stYear,Same first year as Media and Communication (JS1106)
College of Liberal Arts and Social Sciences,BSocSc Public Affairs and Management,,Foundation year (over Year 1): PIA2105 / PIA2107 / PIA2307 / PIA2400 / PIA2530 (3 each) | College requirement: 1 of CAH1603 / EN2011 / LT1101 (Liberal Arts) + 1 of COM1101 / PIA2801 / SS1600 (Social Sciences) (3 each) | GE1401 University English (3) [or LC0200A EAP1 if English below threshold] | GE1601 Whole-Person Development (1),~16,C: Year 1 courses from catalogue/handbook; Sem A split not published,https://www.cityu.edu.hk/catalogue/ug/current/Major/BSS1_PAFM-1.htm,Semester split not published
College of Liberal Arts and Social Sciences,BSocSc International Relations and Global Affairs,,"Early core likely: PIA2105 Intro to Political Science (3), PIA2050 Comparative Politics & Societies (3) | College requirement: 1 of CAH1603 / EN2011 / LT1101 (Liberal Arts) + 1 of COM1101 / PIA2801 / SS1600 (Social Sciences) (3 each) | GE1401 University English (3) [or LC0200A EAP1 if English below threshold] | GE1601 Whole-Person Development (1) | Gateway Education course (3)",~16,D: pieced together from related plans; check with department,https://www.cityu.edu.hk/catalogue/ug/current/Major/BSS1_IRGA-1.htm,Catalogue gives no Year-1 placement
School of Creative Media,BA Creative Media,2026,GE1401 / GE2413 / LC0200A English (3) | GE1601 Whole-Person Development (1) | Gateway Education course (3) | CHIN1001 University Chinese I (3) only if required | SM1103A Introduction to Media Computing (3) | SM1701 New Media Art (3) | SM1702A Creative Media Studio IA (3),16,"A: official Year 1 Sem A plan, 2026 cohort",https://www.cityu.edu.hk/scm/go/Sample%20Study%20Path%20(Undergraduate)/Sample_Study_Plan_BACM%20(4-1)_from%202026_Web.pdf,
School of Creative Media,BSc Creative Media,2026,GE1401 / GE2413 / LC0200A English (3) | GE1601 Whole-Person Development (1) | CHIN1001 University Chinese I (3) only if required | SM1701 New Media Art (3) | SM1702A Creative Media Studio IA (3) | SM2714 Fundamentals of Animation (3) | CS1103B Media Computing (3),16,"A: official Year 1 Sem A plan, 2026 cohort",https://www.cityu.edu.hk/scm/go/Sample%20Study%20Path%20(Undergraduate)/Sample_Study_Plan_BScCM%20(4-1)_from%202026_Web.pdf,
School of Creative Media,BAS New Media,2026,SM1103A Introduction to Media Computing (3) | SM1701 New Media Art (3) | SM1702A Creative Media Studio IA (3) | GE1401 University English (3) [or LC0200A EAP1 if English below threshold] | GE1601 Whole-Person Development (1) | Gateway Education course (3),~16,C: Year 1 courses from catalogue/handbook; Sem A split not published,https://www.scm.cityu.edu.hk/programmes/courses-n-curricula,Intro SM courses from 2026 curriculum record; probably same Sem A as BA Creative Media
School of Law,Bachelor of Laws,2021+,LW2601 Hong Kong Legal System (3) | LW2602A Law of Contract I (3) | LW2603A Law of Tort I (3) | LW2604A Legal Research and Writing I (3) | GE1401 University English (3) [or LC0200A EAP1 if English below threshold],15,D: pieced together from related plans; check with department,https://www.cityu.edu.hk/slw/lib/doc/LLB/LLB_admitted_from_2021.pdf,Structure for students admitted from 2021; 2026 catalogue renames LW2604 and recommends LW2605 (1.5) in Year 1
