building,building_code,room,type,capacity,capacity_source
Yeung Kin Man Academic Building,YEUNG,P1402,classroom,,
Yeung Kin Man Academic Building,YEUNG,P1615,classroom,,
Yeung Kin Man Academic Building,YEUNG,B4302,classroom,,
Yeung Kin Man Academic Building,YEUNG,B4702,classroom,,
Yeung Kin Man Academic Building,YEUNG,G4302,classroom,,
Yeung Kin Man Academic Building,YEUNG,G4702,classroom,,
Yeung Kin Man Academic Building,YEUNG,P4302,classroom,,
Yeung Kin Man Academic Building,YEUNG,P4701,classroom,,
Yeung Kin Man Academic Building,YEUNG,P4703,classroom,,
Yeung Kin Man Academic Building,YEUNG,P4704,classroom,,
Yeung Kin Man Academic Building,YEUNG,Y4302,classroom,,
Yeung Kin Man Academic Building,YEUNG,Y4702,classroom,,
Yeung Kin Man Academic Building,YEUNG,B5207,classroom,,
Yeung Kin Man Academic Building,YEUNG,B5208,classroom,,
Yeung Kin Man Academic Building,YEUNG,B5209,classroom,,
Yeung Kin Man Academic Building,YEUNG,B5210,classroom,,
Yeung Kin Man Academic Building,YEUNG,B5211,classroom,,
Yeung Kin Man Academic Building,YEUNG,B5307,classroom,,
Yeung Kin Man Academic Building,YEUNG,B5308,classroom,,
Yeung Kin Man Academic Building,YEUNG,B5309,classroom,,
Yeung Kin Man Academic Building,YEUNG,B5310,classroom,,
Yeung Kin Man Academic Building,YEUNG,B5311,classroom,,
Yeung Kin Man Academic Building,YEUNG,G5214,classroom,,
Yeung Kin Man Academic Building,YEUNG,G5216,classroom,,
Yeung Kin Man Academic Building,YEUNG,G5314,classroom,,
Yeung Kin Man Academic Building,YEUNG,G5315,classroom,,
Yeung Kin Man Academic Building,YEUNG,Y5202,classroom,,
Yeung Kin Man Academic Building,YEUNG,Y5203,classroom,,
Yeung Kin Man Academic Building,YEUNG,Y5204,classroom,,
Yeung Kin Man Academic Building,YEUNG,Y5205,classroom,,
Yeung Kin Man Academic Building,YEUNG,Y5302,classroom,,
Yeung Kin Man Academic Building,YEUNG,Y5303,classroom,,
Yeung Kin Man Academic Building,YEUNG,Y5304,classroom,,
Yeung Kin Man Academic Building,YEUNG,Y5305,classroom,,
Yeung Kin Man Academic Building,YEUNG,LT1,lecture theatre,,
Yeung Kin Man Academic Building,YEUNG,LT2,lecture theatre,,
Yeung Kin Man Academic Building,YEUNG,LT3,lecture theatre,,
Yeung Kin Man Academic Building,YEUNG,LT4,lecture theatre,,
Yeung Kin Man Academic Building,YEUNG,LT5,lecture theatre,,
Yeung Kin Man Academic Building,YEUNG,LT6,lecture theatre,,
Yeung Kin Man Academic Building,YEUNG,LT7,lecture theatre,,
Yeung Kin Man Academic Building,YEUNG,LT8,lecture theatre,,
Yeung Kin Man Academic Building,YEUNG,LT9,lecture theatre,,
Yeung Kin Man Academic Building,YEUNG,LT10,lecture theatre,,
Yeung Kin Man Academic Building,YEUNG,LT11,lecture theatre,,
Yeung Kin Man Academic Building,YEUNG,LT12,lecture theatre,,
Yeung Kin Man Academic Building,YEUNG,LT13,lecture theatre,,
Yeung Kin Man Academic Building,YEUNG,LT14,lecture theatre,,
Yeung Kin Man Academic Building,YEUNG,LT15,lecture theatre,,
Yeung Kin Man Academic Building,YEUNG,LT16,lecture theatre,,
Yeung Kin Man Academic Building,YEUNG,LT17,lecture theatre,,
Yeung Kin Man Academic Building,YEUNG,LT18,lecture theatre,,
Yeung Kin Man Academic Building,YEUNG,LT401,lecture theatre,,
Li Dak Sum Yip Yio Chin Academic Building,LI,1100,classroom,,
Li Dak Sum Yip Yio Chin Academic Building,LI,1102,classroom,,
Li Dak Sum Yip Yio Chin Academic Building,LI,1106,classroom,,
Li Dak Sum Yip Yio Chin Academic Building,LI,1110,classroom,,
Li Dak Sum Yip Yio Chin Academic Building,LI,1301,classroom,,
Li Dak Sum Yip Yio Chin Academic Building,LI,1305,classroom,,
Li Dak Sum Yip Yio Chin Academic Building,LI,1306,classroom,,
Li Dak Sum Yip Yio Chin Academic Building,LI,1310,classroom,,
Li Dak Sum Yip Yio Chin Academic Building,LI,1312,classroom,,
Li Dak Sum Yip Yio Chin Academic Building,LI,1314,classroom,,
Li Dak Sum Yip Yio Chin Academic Building,LI,1400,classroom,,
Li Dak Sum Yip Yio Chin Academic Building,LI,1402,classroom,,
Li Dak Sum Yip Yio Chin Academic Building,LI,1404,classroom,,
Li Dak Sum Yip Yio Chin Academic Building,LI,1406,classroom,,
Li Dak Sum Yip Yio Chin Academic Building,LI,1410,classroom,,
Li Dak Sum Yip Yio Chin Academic Building,LI,1511,classroom,,
Li Dak Sum Yip Yio Chin Academic Building,LI,1601,classroom,,
Li Dak Sum Yip Yio Chin Academic Building,LI,2100,classroom,,
Li Dak Sum Yip Yio Chin Academic Building,LI,2104,classroom,,
Li Dak Sum Yip Yio Chin Academic Building,LI,2108,classroom,,
Li Dak Sum Yip Yio Chin Academic Building,LI,2200,classroom,,
Li Dak Sum Yip Yio Chin Academic Building,LI,2201,classroom,,
Li Dak Sum Yip Yio Chin Academic Building,LI,2202,classroom,,
Li Dak Sum Yip Yio Chin Academic Building,LI,2204,classroom,,
Li Dak Sum Yip Yio Chin Academic Building,LI,2206,classroom,,
Li Dak Sum Yip Yio Chin Academic Building,LI,2208,classroom,,
Li Dak Sum Yip Yio Chin Academic Building,LI,2301,classroom,,
Li Dak Sum Yip Yio Chin Academic Building,LI,2306,classroom,,
Li Dak Sum Yip Yio Chin Academic Building,LI,2308,classroom,,
Li Dak Sum Yip Yio Chin Academic Building,LI,2310,classroom,,
Li Dak Sum Yip Yio Chin Academic Building,LI,2312,classroom,,
Li Dak Sum Yip Yio Chin Academic Building,LI,2405,classroom,,
Li Dak Sum Yip Yio Chin Academic Building,LI,2407,classroom,,
Li Dak Sum Yip Yio Chin Academic Building,LI,2409,classroom,,
Li Dak Sum Yip Yio Chin Academic Building,LI,2413,classroom,,
Li Dak Sum Yip Yio Chin Academic Building,LI,2415,classroom,,
Li Dak Sum Yip Yio Chin Academic Building,LI,2513,classroom,,
Li Dak Sum Yip Yio Chin Academic Building,LI,2601,classroom,,
Li Dak Sum Yip Yio Chin Academic Building,LI,3500,classroom,,
Li Dak Sum Yip Yio Chin Academic Building,LI,3601,classroom,,
Li Dak Sum Yip Yio Chin Academic Building,LI,6603,classroom,,
Li Dak Sum Yip Yio Chin Academic Building,LI,6606,classroom,,
Li Dak Sum Yip Yio Chin Academic Building,LI,1503,lecture theatre,,
Li Dak Sum Yip Yio Chin Academic Building,LI,1507,lecture theatre,,
Li Dak Sum Yip Yio Chin Academic Building,LI,1610,lecture theatre,,
Li Dak Sum Yip Yio Chin Academic Building,LI,1614,lecture theatre,,
Li Dak Sum Yip Yio Chin Academic Building,LI,2505,lecture theatre,,
Li Dak Sum Yip Yio Chin Academic Building,LI,2510,lecture theatre,,
Li Dak Sum Yip Yio Chin Academic Building,LI,2610,lecture theatre,,
Li Dak Sum Yip Yio Chin Academic Building,LI,2614,lecture theatre,,
Li Dak Sum Yip Yio Chin Academic Building,LI,3505,lecture theatre,,
Li Dak Sum Yip Yio Chin Academic Building,LI,3508,lecture theatre,,
Li Dak Sum Yip Yio Chin Academic Building,LI,3610,lecture theatre,,
Li Dak Sum Yip Yio Chin Academic Building,LI,3614,lecture theatre,,
Lau Ming Wai Academic Building,LAU,5-203,classroom,,
Lau Ming Wai Academic Building,LAU,5-205,classroom,,
Lau Ming Wai Academic Building,LAU,5-206,classroom,,
Lau Ming Wai Academic Building,LAU,5-207,classroom,,
Lau Ming Wai Academic Building,LAU,6-207,classroom,57,CB room booking system
Lau Ming Wai Academic Building,LAU,6-208,classroom,65,CB room booking system
Lau Ming Wai Academic Building,LAU,6-211,classroom,,
Lau Ming Wai Academic Building,LAU,6-212,classroom,,
Lau Ming Wai Academic Building,LAU,6-213,classroom,,
Lau Ming Wai Academic Building,LAU,7-207,classroom,37,CB room booking system
Lau Ming Wai Academic Building,LAU,7-208,classroom,52,CB room booking system
Run Run Shaw Creative Media Centre,CMC,M4001,classroom,,
Run Run Shaw Creative Media Centre,CMC,M4003,classroom,,
Run Run Shaw Creative Media Centre,CMC,M4004,classroom,,
Run Run Shaw Creative Media Centre,CMC,M4051,classroom,,
Run Run Shaw Creative Media Centre,CMC,M8051,classroom,,
Run Run Shaw Creative Media Centre,CMC,M8061,classroom,,
Run Run Shaw Creative Media Centre,CMC,M9001,classroom,,
Run Run Shaw Creative Media Centre,CMC,M3017,lecture theatre,,
Run Run Shaw Creative Media Centre,CMC,M3090,lecture theatre,,
Run Run Shaw Creative Media Centre,CMC,M5050,lecture theatre,,
Run Run Shaw Creative Media Centre,CMC,M6094,lecture theatre,,
Lau Ming Wai Academic Building,LAU,14-282,executive classroom (CB),26,CB room booking system
