course,crn,section,old_day,old_start,new_day,new_start,hours,weeks,venue
BME2105,11417,T01,R,10:00,M,14:00,1,1-13,
BMS1901,11470,L02,M,15:00,F,12:00,1,1-13,LI 4400
CB2100,10244,T01,T,10:00,F,14:00,1,1-13,YEUNG B5-309
CB2100,10245,T02,M,17:00,W,12:00,1,1-13,YEUNG B5-309
CB2100,10246,T03,M,16:00,M,18:00,1,1-13,YEUNG B5-309
CB2100,10191,T04,M,15:00,W,15:00,1,1-13,YEUNG B5-309
CB2100,10441,T06,M,11:00,M,15:00,1,1-13,YEUNG B5-309
CB2100,10442,T07,M,10:00,M,11:00,1,1-13,YEUNG B5-309
CB2100,10443,T08,T,10:00,T,12:00,1,1-13,YEUNG B5-307
CB2100,10553,T10,M,18:00,T,18:00,1,1-13,YEUNG B5-307
CB2100,11276,T12,R,10:00,M,12:00,1,1-13,YEUNG B5-307
CB2100,11277,T13,M,14:00,M,16:00,1,1-13,YEUNG B5-307
CB2100,11278,T14,M,11:00,M,09:00,1,1-13,YEUNG B5-307
CB2100,12576,TA1,T,10:00,F,14:00,1,1-13,YEUNG B5-309
CB2100,10596,TA2,M,17:00,W,12:00,1,1-13,YEUNG B5-309
CB2100,10458,TA3,M,16:00,M,18:00,1,1-13,YEUNG B5-309
CB2100,10459,TA4,M,15:00,W,15:00,1,1-13,YEUNG B5-309
CB2100,10556,TA6,M,11:00,M,15:00,1,1-13,YEUNG B5-309
CB2100,10557,TA7,M,10:00,M,11:00,1,1-13,YEUNG B5-309
CB2100,10558,TA8,T,10:00,T,12:00,1,1-13,YEUNG B5-307
CB2100,10560,TAA,M,18:00,T,18:00,1,1-13,YEUNG B5-307
CB2100,11279,TAC,R,10:00,M,12:00,1,1-13,YEUNG B5-307
CB2100,11280,TAD,M,14:00,M,16:00,1,1-13,YEUNG B5-307
CB2100,11281,TAE,M,11:00,M,09:00,1,1-13,YEUNG B5-307
CB2300,12533,S01,R,15:00,R,16:00,3,1-13,LI 1614
CB2300,12587,SA1,R,15:00,R,16:00,3,1-13,LI 1614
CB2300,14880,SC1,R,15:00,R,16:00,3,1-13,LI 1614
CB2500,15285,T04,M,15:00,F,11:00,1,1-13,YEUNG B5-208
CB2500,15289,TA1,W,18:00,R,14:00,1,1-13,YEUNG B5-311
CHEM1300,11748,C02,F,09:00,F,10:00,2,1-13,MMW 2450
CHEM1300,12876,CB1,F,09:00,F,10:00,2,1-13,MMW 2450
CHEM1300,13875,CC1,F,09:00,F,10:00,2,1-13,MMW 2450
CHEM1300,12100,L01,W,14:00,W,15:00,4,4-4,YEUNG P4813
CHEM1300,12100,L01,W,14:00,W,15:00,4,6-7,YEUNG P4813
CHEM1300,12100,L01,W,14:00,W,15:00,4,10-11,YEUNG P4813
CHEM1300,12269,L04,T,14:00,T,13:00,4,4-4,YEUNG P4813
CHEM1300,12269,L04,T,14:00,T,13:00,4,6-7,YEUNG P4813
CHEM1300,12269,L04,T,14:00,T,13:00,4,10-11,YEUNG P4813
CS1102,11714,L05,T,10:00,F,12:00,1,1-13,YEUNG B7510
CS1102,11716,L07,T,11:00,W,18:00,1,1-13,YEUNG B7510
CS1102,11969,LA2,T,15:00,R,14:00,1,1-13,YEUNG B7510
CS1102,10776,LB5,T,10:00,F,12:00,1,1-13,YEUNG B7510
CS1102,10778,LB7,T,11:00,W,18:00,1,1-13,YEUNG B7510
CS1102,11520,LC5,T,10:00,F,12:00,1,1-13,YEUNG B7510
CS1102,13728,LC7,T,11:00,W,18:00,1,1-13,YEUNG B7510
CS1302,12216,LB1,R,11:00,F,18:00,1,1-13,LI 4412
CS1302,15811,LB4,M,14:00,F,14:00,1,1-13,LI 4109
CS1302,11869,LC1,R,11:00,F,18:00,1,1-13,LI 4412
CS1302A,15575,T03,M,10:00,R,09:00,1,1-13,YEUNG B7520
CS1315,13021,L02,T,15:00,F,15:00,1,1-13,LI 4208
CS1315,13022,L03,T,16:00,M,11:00,1,1-13,LI 4208
CS1315,13023,L04,M,18:00,T,12:00,1,1-13,LI 4208
CS1315,13024,L05,M,17:00,F,11:00,1,1-13,LI 4208
CS1315,13034,LA2,T,15:00,F,15:00,1,1-13,LI 4208
CS1315,13035,LA3,T,16:00,M,11:00,1,1-13,LI 4208
CS1315,13729,LA4,M,18:00,T,12:00,1,1-13,LI 4208
CS1315,13730,LA5,M,17:00,F,11:00,1,1-13,LI 4208
CS2115,15274,T05,M,10:00,F,17:00,1,1-13,YEUNG B5-211
CS2115,15276,TB5,M,10:00,F,17:00,1,1-13,YEUNG B5-211
CS2117,13735,C01,M,09:00,T,15:00,3,1-13,YEUNG B5-310
EE1001,11161,L02,T,10:00,M,16:00,2,8-8,YEUNG G7620
EE1001,11161,L02,T,10:00,M,16:00,2,10-10,YEUNG G7620
EE1001,11161,L02,T,10:00,M,16:00,2,11-11,YEUNG G7620
EE1001,11160,LA1,T,10:00,M,16:00,2,8-8,YEUNG G7620
EE1001,11160,LA1,T,10:00,M,16:00,2,10-10,YEUNG G7620
EE1001,11160,LA1,T,10:00,M,16:00,2,11-11,YEUNG G7620
EN2714,10513,T01,M,09:00,T,16:00,3,1-13,CMC M4001
GE1354,11443,L02,W,13:00,F,15:00,2,1-13,YEUNG G7620
GE1354,11447,LA2,W,13:00,F,15:00,2,1-13,YEUNG G7620
GE1354,11583,LB2,W,13:00,F,15:00,2,1-13,YEUNG G7620
GE1401,10357,T01,S,09:00,W,09:00,3,1-14,LI 1404
GE1401,10681,T04,M,16:00,F,15:00,3,1-13,LI 2306
GE1401,10684,T07,W,12:00,W,13:00,3,1-13,LI 2310
GE1401,10689,T12,T,16:00,R,16:00,3,1-13,LI 2312
GE1401,15600,T14,F,15:00,F,16:00,3,1-13,LI 2405
GE1401,12119,T18,M,16:00,R,12:00,3,1-13,LI 2409
GE1401,10696,T20,M,09:00,T,09:00,3,1-13,LI 2405
GE1401,10698,T22,F,18:00,M,09:00,3,1-13,LI 1314
GE1401,10706,T31,R,18:00,M,15:00,3,1-13,LI 2306
GE1401,10707,T32,F,15:00,F,12:00,3,1-13,LI 2306
GE1401,12122,T35,W,15:00,F,12:00,3,1-13,LI 2312
GE1401,10711,T38,F,18:00,F,09:00,3,1-13,LI 1402
GE1401,10714,T43,M,16:00,M,15:00,3,1-13,LI 2405
GE1401,10716,T47,F,12:00,R,12:00,3,1-13,LI 1410
GE1401,10717,T48,W,16:00,W,09:00,3,1-13,LI 2108
GE1401,10720,T53,W,09:00,W,16:00,3,1-13,LI 2312
GE1401,10723,T56,S,09:00,S,13:00,3,1-14,LI 1312
GE1401,15602,T58,M,16:00,R,11:00,3,1-13,LI 1310
GE1401,10726,T59,F,15:00,F,16:00,3,1-13,LI 2415
GE1401,10727,T60,S,09:00,W,12:00,3,1-14,LI 1314
GE1401,12125,T65,F,12:00,R,17:00,3,1-13,LI 2306
GE1401,12126,T67,W,18:00,W,09:00,3,1-13,LI 2312
GE1401,11451,T68,R,18:00,R,12:00,3,1-13,LI 2312
GE1401,12734,T71,M,16:00,M,15:00,3,1-13,LI 2415
GE1401,12735,T74,S,09:00,S,13:00,3,1-14,LI 1402
GE1401,11493,T75,F,12:00,F,13:00,3,1-13,LI 2405
GE1401,11499,T85,F,12:00,M,15:00,3,1-13,LI 2312
GE1401,11500,T86,M,18:00,W,11:00,3,1-13,LI 3500
GE1401,11503,T89,T,18:00,R,12:00,3,1-13,LI 2415
GE1401,13570,T98,T,15:00,R,16:00,3,1-13,LI 1410
GE1401,11070,TA1,F,13:00,F,16:00,3,1-13,LI 2407
GE1401,14270,TB7,T,09:00,R,15:00,3,1-13,LI 2405
GE1501,10248,C01,W,12:00,M,15:00,3,1-13,LI 1301
GE1501,10249,C02,T,15:00,R,09:00,3,1-13,LI 2513
GE2304,12651,C01,F,18:00,M,19:00,3,1-13,YEUNG P4703
LC0200A,10865,T05,T,09:00,R,16:00,3,1-13,LI 1310
LC0200A,10885,T16,F,15:00,F,16:00,3,1-13,LI 1400
LC0200A,10886,T17,F,16:00,R,12:00,3,1-13,LI 2407
LC0200A,14950,T18,S,09:00,R,15:00,3,1-14,LI 2415
LC0200A,10887,T19,M,09:00,T,09:00,3,1-13,LI 1314
LC0200A,10890,T22,M,16:00,T,15:00,3,1-13,LI 2312
LC0200A,11975,T35,F,16:00,F,14:00,3,1-13,LI 1410
LC0200A,14952,T36,S,09:00,W,12:00,3,1-14,LI 1310
LT1101,10838,CA1,F,15:00,F,16:00,3,1-13,YEUNG LT-11
LT1101,11475,CC1,F,15:00,F,16:00,3,1-13,YEUNG LT-11
LT1101,15755,CF1,F,15:00,F,16:00,3,1-13,YEUNG LT-11
LW2601,10059,TA1,S,12:00,M,18:00,1,1-14,YEUNG B5-207
LW2601,10060,TA2,M,13:00,T,09:00,1,1-13,YEUNG B5-307
LW2601,13578,TA4,M,13:00,W,18:00,1,1-13,YEUNG B5-207
LW2601,13579,TA5,M,10:00,R,14:00,1,1-13,YEUNG B5-209
LW2601,14533,TA6,S,10:00,T,14:00,1,1-14,YEUNG B5-207
LW2601,15005,TA7,S,11:00,R,14:00,1,1-14,YEUNG B5-207
LW2601,12382,TB1,S,12:00,M,18:00,1,1-14,YEUNG B5-207
LW2601,12383,TB2,M,13:00,T,09:00,1,1-13,YEUNG B5-307
LW2601,15006,TB4,M,13:00,W,18:00,1,1-13,YEUNG B5-207
LW2601,15007,TB5,M,10:00,R,14:00,1,1-13,YEUNG B5-209
LW2601,15008,TB6,S,10:00,T,14:00,1,1-14,YEUNG B5-207
LW2601,15009,TC1,S,11:00,R,14:00,1,1-14,YEUNG B5-207
LW2602A,12665,TA3,R,14:00,R,15:00,2,1-13,LI 1400
LW2602A,15010,TA5,M,16:00,R,15:00,2,1-13,YEUNG Y5-202
LW2602A,15011,TA6,M,18:00,T,12:00,2,1-13,YEUNG B5-309
LW2603A,10110,TA1,T,13:00,M,09:00,2,1-13,YEUNG Y5-204
LW2603A,10111,TA2,T,12:00,M,16:00,2,1-13,YEUNG B5-309
LW2603A,10112,TB1,T,13:00,M,09:00,2,1-13,YEUNG Y5-204
LW2603A,13881,TB2,T,12:00,M,16:00,2,1-13,YEUNG B5-309
LW2603A,11184,TC1,W,16:00,W,17:00,2,1-13,YEUNG B5-209
LW2603A,15611,TD1,W,16:00,W,17:00,2,1-13,YEUNG B5-209
MA1200,11782,CE1,M,12:00,F,17:00,2,1-13,YEUNG LT-6
MA1200,11782,CE1,F,17:00,M,12:00,2,1-13,YEUNG LT-6
MA1200,11784,CF1,M,12:00,F,17:00,2,1-13,YEUNG LT-17
MA1200,11784,CF1,F,17:00,M,12:00,2,1-13,YEUNG LT-17
MA1200,11792,TA3,T,11:00,T,09:00,1,1-13,YEUNG B4702
MA1200,11795,TC3,T,11:00,T,09:00,1,1-13,YEUNG B4302
MA1200,11798,TD3,T,11:00,T,09:00,1,1-13,YEUNG P4302
MA1200,11806,TG2,R,11:00,T,14:00,1,1-13,YEUNG P4302
MA1200,11807,TG3,T,12:00,R,14:00,1,1-13,YEUNG P4704
MA1200,11808,TH1,T,18:00,T,14:00,1,1-13,YEUNG P4704
MA1200,11810,TH3,T,12:00,R,14:00,1,1-13,YEUNG P4302
MA1300,12244,C01,F,12:00,F,13:00,2,1-13,YEUNG LT-18
MA1300,10342,CA1,F,12:00,F,13:00,2,1-13,YEUNG LT-18
MA1300,12246,T02,T,18:00,F,12:00,1,1-13,YEUNG B5-211
MA1300,11764,TA2,T,18:00,F,12:00,1,1-13,YEUNG B5-211
MA1300,11957,TA3,T,11:00,R,11:00,1,1-13,YEUNG B5-310
MA1300,11766,TB2,R,11:00,R,13:00,1,1-13,YEUNG B5-310
MA1300,11767,TB3,T,12:00,R,18:00,1,1-13,YEUNG B5-310
MA1508,11511,CA1,T,12:00,T,13:00,3,1-13,YEUNG LT-6
MNE2066,11846,C01,S,09:00,S,10:00,3,1-14,MMW 2450
MNE2116,12798,C01,T,09:00,T,10:00,2,1-13,LI 3508
MNE2116,15622,CA1,T,09:00,T,10:00,2,1-13,LI 3508
MNE2116,13073,L04,M,14:00,M,15:00,3,2-7,YEUNG P7540
MNE2116,13073,L04,M,14:00,M,15:00,3,9-12,YEUNG P7540
MSE1001,11332,C61,M,18:00,M,09:00,3,1-4,YEUNG B5-310
PHY1101,11831,C01,T,12:00,T,13:00,2,1-13,MMW 2450
PHY1101,11832,CA1,T,12:00,T,13:00,2,1-13,MMW 2450
PHY1101,11833,CB1,T,12:00,T,13:00,2,1-13,MMW 2450
PHY1101,11834,T01,T,14:00,T,12:00,1,1-13,MMW 2450
PHY1101,11835,TA1,T,14:00,T,12:00,1,1-13,MMW 2450
PHY1101,11836,TB1,T,14:00,T,12:00,1,1-13,MMW 2450
PHY1201,12367,C02,F,15:00,F,14:00,3,1-13,MMW 3420
PHY1201,12371,CA2,F,15:00,F,14:00,3,1-13,MMW 3420
PHY1201,12177,L01,M,09:00,R,12:00,3,1-13,YEUNG P5701
PHY1201,12375,LA1,M,09:00,R,12:00,3,1-13,YEUNG P5701
PHY1201,12369,T02,T,13:00,R,18:00,1,1-13,LI 2505
PHY1201,12372,TA2,T,13:00,R,18:00,1,1-13,LI 2505
SEE1005,13142,C61,W,19:00,W,14:00,3,1-13,YEUNG B5-310
SM1103A,11200,C03,W,12:00,W,13:00,3,1-13,CMC M7024
SM1103A,15048,C04,R,09:00,T,09:00,3,1-13,CMC M7024
SM1701,12134,C02,R,15:00,R,16:00,3,1-13,CMC M9001
SM1701,12136,CA2,R,15:00,R,16:00,3,1-13,CMC M9001
SM1702,10284,C01,M,12:00,R,15:00,1,1-13,CMC M9001
SM1702A,15381,C01,M,12:00,R,15:00,1,1-13,CMC M9001
SM1702A,15388,CA1,M,12:00,R,15:00,1,1-13,CMC M9001
SM2714,10986,C02,T,12:00,T,15:00,3,1-13,CMC M7024
SS1011,11002,T02,F,09:00,T,09:00,3,11-13,YEUNG Y5-204
SS1011,11005,T05,F,09:00,R,09:00,3,11-13,YEUNG Y5-303
SS1011,11323,TG2,F,09:00,T,09:00,3,11-13,YEUNG Y5-204
SS1011,11868,TG5,F,09:00,R,09:00,3,11-13,YEUNG Y5-303
SYE1001,14066,C01,F,14:00,M,09:00,1,1-1,YEUNG G5-216
SYE1001,14066,C01,F,14:00,M,09:00,1,3-3,YEUNG G5-216
SYE1001,14066,C01,F,14:00,M,09:00,1,5-5,YEUNG G5-216
SYE1001,14066,C01,F,14:00,M,09:00,1,7-7,YEUNG G5-216
SYE1001,14066,C01,F,14:00,M,09:00,1,9-9,YEUNG G5-216
SYE1001,14066,C01,F,14:00,M,09:00,1,11-11,YEUNG G5-216
VM2001,11078,C01,M,09:00,T,09:00,2,1-13,YEUNG P4704
VM2001,11080,T01,M,11:00,R,12:00,1,1-13,YEUNG P4704
VM2102,11414,C01,T,13:00,W,09:00,2,1-13,YEUNG B5-310
VM2102,11414,C01,T,15:00,W,11:00,3,1-13,YEUNG B5-310
VM2102,11412,L01,W,09:00,T,11:00,4,1-13,YEUNG B5-310
VM2102,11413,T01,W,13:00,M,18:00,2,1-13,YEUNG B5-310
VM2102,11413,T01,W,15:00,S,14:00,3,1-13,YEUNG B5-310
