course,type,seats,year1,other_years_enrolled,kept_for_other_years
BME2105,C,90,37,45,45
BME2105,T,90,37,45,45
BMS1901,C,116,96,31,14
BMS1901,L,116,96,31,14
CAH2610,C,100,48,10,10
CAH2614,C,90,48,27,27
CB2100,C,560,425,88,88
CB2100,T,560,425,88,88
CB2201,C,1050,842,293,163
CB2300,S,425,278,128,128
CB2400,C,775,621,161,121
CB2500,C,521,306,155,155
CB2500,T,521,306,155,155
CB2601,C,720,440,183,183
CHEM1200,C,300,197,73,73
CHEM1200,L,300,197,73,73
CHEM1300,C,425,287,111,111
CHEM1300,L,425,287,111,111
CHEM1300,T,425,287,111,111
COM2105,C,106,93,0,0
CS1102,C,346,114,129,129
CS1102,L,346,114,129,129
CS1103B,L,60,37,6,6
CS1302,C,526,352,135,135
CS1302,L,526,352,135,135
CS1302A,C,225,201,1,1
CS1302A,T,225,201,1,1
CS1315,C,210,128,0,0
CS1315,L,210,128,0,0
CS2115,C,299,201,65,65
CS2115,T,299,201,65,65
CS2117,C,60,27,11,11
CS2117,T,60,27,11,11
CSCI1001,C,210,152,40,40
DSC1001,C,220,128,0,0
EE1001,C,135,117,38,11
EE1001,L,135,117,38,11
EN2714,T,40,35,0,0
GE1354,C,167,117,47,43
GE1354,L,167,117,47,43
GE1401,T,2350,1941,1066,306
GE1501,C,1289,246,1068,1030
GE2304,C,75,23,49,49
LC0200A,T,1155,855,270,255
LT1101,C,80,38,41,40
LW2601,C,168,86,60,60
LW2601,T,168,86,60,60
LW2602A,C,187,86,82,82
LW2602A,T,187,86,82,82
LW2603A,C,190,86,77,77
LW2603A,T,190,86,77,77
MA1200,C,778,599,255,147
MA1200,T,778,599,255,147
MA1300,C,298,152,118,118
MA1300,T,298,152,118,118
MA1400,C,80,57,27,20
MA1400,T,80,57,27,20
MA1502,C,80,57,21,20
MA1508,C,420,329,5,5
MA1508,T,420,329,5,5
MNE2066,C,241,116,0,0
MNE2116,C,228,116,0,0
MNE2116,L,228,116,0,0
MSE1001,C,60,47,6,6
PHY1101,C,260,154,71,71
PHY1101,T,260,154,71,71
PHY1201,C,435,279,86,86
PHY1201,L,435,279,86,86
PHY1201,T,435,279,86,86
PIA2050,C,135,48,65,65
PIA2307,C,115,57,41,41
PIA2530,C,105,57,33,33
SEE1003,C,100,64,2,2
SEE1005,C,60,23,33,33
SM1103A,C,160,83,64,64
SM1701,C,250,120,106,106
SM1702A,C,144,120,6,6
SM1702A,L,144,120,6,6
SM2714,C,80,37,35,35
SS1011,C,177,122,0,0
SS1011,T,177,122,0,0
SS1101,C,139,122,0,0
SYE1001,C,40,23,3,3
SYE2066,C,110,32,64,64
VM2001,C,65,17,28,28
VM2001,T,65,17,28,28
VM2102,C,60,17,26,26
VM2102,L,60,17,26,26
VM2102,T,60,17,26,26
